,MLMP (Bagging),HLM_ELM
0,0.598573557589951,0.877368533106238
0,0.698956780923994,0.8138173302107727
0,0.6528635299127102,0.8414945710027677
0,0.62330220713073,0.8616298811544991
0,0.7096774193548387,0.8183361629881154
