,MLMP (Bagging),HLM_ELM
0,0.8620602789023841,0.8623301844354476
0,0.8423391812865497,0.8862798020692757
0,0.8499685110211426,0.8794421952316689
0,0.8596401259559154,0.8706252811515969
0,0.8676326695061586,0.8515669966616783
