,MLMP (Bagging),HLM_ELM
0,0.547514619883041,0.5942982456140351
0,0.570906432748538,0.570906432748538
0,0.6213450292397661,0.6396198830409356
0,0.5582706766917294,0.6165413533834586
0,0.5209273182957393,0.5946115288220551
