,MLMP (Bagging),HLM_ELM
0,0.9580740255486406,0.9277759580740256
0,0.9231903046184081,0.9277759580740256
0,0.9027777777777778,0.9146825396825397
0,0.9503968253968254,0.9503968253968254
0,0.9193494299128102,0.9312541918175721
