,MLMP (Bagging),HLM_ELM
0,0.5172987358616101,0.7187487769558921
0,0.5074114066948071,0.7468145675861393
0,0.5280111907332875,0.7477373122607245
0,0.5102630803965839,0.6619907725532541
0,0.5314432079137962,0.6563328033916269
