,MLMP (Bagging),HLM_ELM
0,0.552945301542777,0.6318373071528751
0,0.7405329593267882,0.6609396914446003
0,0.6847826086956521,0.6504207573632539
0,0.526984126984127,0.653968253968254
0,0.5349206349206349,0.5777777777777777
