,MLMP (Bagging),HLM_ELM
0,0.4531228830781737,0.5543964232488823
0,0.45227611434764936,0.5607302533532041
0,0.4586776859504132,0.5537190082644627
0,0.4628099173553719,0.6157024793388429
0,0.47933884297520657,0.6157024793388429
