,MLMP (Bagging),HLM_ELM
0,0.5535714285714286,0.5097402597402597
0,0.5287030474840538,0.5113394755492559
0,0.4571226080793763,0.5407512402551382
0,0.551661190215407,0.5365096750638919
0,0.45801387367652424,0.5122307411464038
