,MLMP (Bagging),HLM_ELM
0,0.8296716003700277,0.5434782608695652
0,0.893231575701511,0.5108695652173914
0,0.8940024668516806,0.5652173913043478
0,0.8641689793401172,0.5108695652173914
0,0.8791111370898606,0.5320805081443379
