,MLMP (Bagging),HLM_ELM
0,0.5,0.8897435897435897
0,0.5,0.8044444444444444
0,0.5,0.8977777777777778
0,0.5,0.8200000000000001
0,0.5,0.8066666666666666
