,MLMP (Bagging),HLM_ELM
0,0.5,0.8303348325837081
0,0.5,0.7527486256871564
0,0.5,0.859552410728978
0,0.5,0.8183725522461741
0,0.5,0.7982089052561099
