,MLMP (Bagging),HLM_ELM
0,0.5,0.5620855937311633
0,0.5,0.5527940722445199
0,0.5,0.5284038283420809
0,0.5,0.565915405989503
0,0.5,0.511268910157456
