,MLMP (Bagging),HLM_ELM
0,0.686564979737436,0.8842736113470359
0,0.6808433669151173,0.8847852070269959
0,0.6929761893927673,0.9227982999790683
0,0.6927645968517457,0.8503881471774011
0,0.6856696172986304,0.8915312458713172
