,MLMP (Bagging),HLM_ELM
0,0.5,0.7352554750576104
0,0.5,0.7689587857888891
0,0.5,0.7474261841210895
0,0.5,0.7758828250401284
0,0.5,0.8776539471764191
