,MLMP (Bagging),HLM_ELM
0,0.6470348647768003,0.7432240291477827
0,0.6493018977105806,0.7673091284973119
0,0.711347191516932,0.7925822613271609
0,0.6958702152517872,0.8366749836630428
0,0.6821323194518704,0.774109388304719
