,MLMP (Bagging),HLM_ELM
0,0.5,0.4875
0,0.49375,0.5
0,0.5,0.5
0,0.5,0.5357142857142857
0,0.49375,0.5
