,MLMP (Bagging),HLM_ELM
0,0.5,0.6266233766233766
0,0.5,0.6724179104477612
0,0.5,0.6505671641791045
0,0.5,0.7211515151515151
0,0.5,0.6373939393939394
