,MLMP (Bagging),HLM_ELM
0,0.5,0.6753883700192425
0,0.5,0.7095897532848094
0,0.5,0.6695103506947727
0,0.5,0.6800737309764628
0,0.5,0.6780650345023159
